[
  {
    "id": "34a8183b-2221-46ef-b015-9ae188bd6e2f",
    "data": [
      {
        "text": "யூர் வெல்கம்",
        "userDefined": false
      }
    ],
    "isTemplate": false,
    "count": 1,
    "lang": "ta",
    "updated": 0
  },
  {
    "id": "b08a453e-b90a-4912-bf59-b6ed8430356a",
    "data": [
      {
        "text": "வெல்கம்",
        "userDefined": false
      }
    ],
    "isTemplate": false,
    "count": 0,
    "lang": "ta",
    "updated": 0
  },
  {
    "id": "ef4bebbd-57a8-4fe7-aead-467fc440fa36",
    "data": [
      {
        "text": "யூர் சோ வெல்கம்",
        "userDefined": false
      }
    ],
    "isTemplate": false,
    "count": 0,
    "lang": "ta",
    "updated": 0
  },
  {
    "id": "33c5f41b-0321-4f1b-8431-dd8482b602f6",
    "data": [
      {
        "text": "சந்தோஷம்",
        "userDefined": false
      }
    ],
    "isTemplate": false,
    "count": 0,
    "lang": "ta",
    "updated": 0
  },
  {
    "id": "6f9f2493-7faa-4255-9fb3-51e9c3a85c58",
    "data": [
      {
        "text": "ஷூர் வெல்கம்",
        "userDefined": false
      }
    ],
    "isTemplate": false,
    "count": 0,
    "lang": "ta",
    "updated": 0
  },
  {
    "id": "4076ae1d-7e9d-4365-9540-1dd5c843bd04",
    "data": [
      {
        "text": "எனக்கு சந்தோஷம்",
        "userDefined": false
      }
    ],
    "isTemplate": false,
    "count": 0,
    "lang": "ta",
    "updated": 0
  }
]